username,password,email,proxy,notes
Vegetable-Plane-3728,altzsglo4y,abigail-myers2002@gmx.com,,Email PW: YZgr84M55m8
Low_Bass1101,o8ajsgwkq4,violet-hall1999@gmx.com,,Email PW: R82guqa3cQ5
Waste-Sentence6941,a8hm7iwkz8,lucy_cook2006@gmx.com,,Email PW: q4bab2TDJ9r
Successful_Level_946,b108e8j56n,sofia.rogers2001@gmx.com,,Email PW: bv958ZJX6
Flashy_Present6580,5ptocodr7r,gianna-delgado2006@gmx.com,,Email PW: k6hcfH3aJWg
Financial_Tourist851,ztj6pajd8a,leah.stone2004@gmx.com,,Email PW: m8SqtXmdw8
Ok_Friendship_4951,toc8n5rrgh,sofia_murphy2005@gmx.com,,Email PW: RHgd38Df4
Vivid-Value4315,sr487vso1p,zoey_henderson2006@gmx.com,,Email PW: fb36qGyAj
EasyPlant7351,3xxkyh634m,abigail-chavez2002@gmx.com,,Email PW: aDu5QCkAa9S
Fantastic-Job9945,16el6k8qjc,emilia-henderson2004@gmx.com,,Email PW: fb56VpsD82
PrimaryFine9286,0x6njzgqfu,avery.armstrong2005@gmx.com,,Email PW: kf85d7bBnk
WingZealousideal5454,rfim6hz2qi,emma.hoffman1997@gmx.com,,Email PW: ujb2sPH4k
That-Fly4190,rczrg9f0wc,luna.rios2002@gmx.com,,Email PW: QgpbuFzkj5f
Specific_Guidance196,yvqy1zz3s5,victoria-garcia2000@gmx.com,,Email PW: yxRkmfvv8k
Secret-Secret-9564,pwxqfsk3tx,aria_marshall1999@gmx.com,,Email PW: db3Rmgn5p
EffectiveDiet7783,gw9829w7yx,everly_martinez2000@gmx.com,,Email PW: C67x3xneg6R
Nervous-Opening9002,8bio3votwz,aurora.herrera2005@gmx.com,,Email PW: w5caBh9U5
InsectLow9921,k4asuvzmx2,lily-willis2000@gmx.com,,Email PW: JfqkJgAH8
Honest_Simple_9248,0z67mq4j6t,addison.jenkins2002@gmx.com,,Email PW: hbsM3y9b64
Good-Valuable-759,zb8vgalp86,ava_ross1998@gmx.com,,Email PW: xcctNj22HT
mintybuttsnack,bN24XGen8zYA,lutjekarow81575@outlook.com,,
rosebudjunkie,cPPUq6wFE6Pw,debrayyessenialn@gmail.com,,
thiccandlewd,jgY3JHCEC4x9,rizzomaryettaedogi@gmail.com,,
poorlitpretty,dau47eX6QPZQ,michelleperez0419611@gmail.com,,
petalpussypie,jDIkiJYTN7o8,pearlebucklin7241913@gmail.com,,
sluttyc0nsent,8AC5YCPLzY1S,steven97959381@gmail.com,,
xmiserymouthx,Jsx0T2eaRIH5,bruckerrashidalxorrl@gmail.com,,
lewdluvlemon,tYxIkFZEHYNe,zanekoraiz@gmail.com,,
pettypantiesx,0dqt4fFL99y7,kuehnedesireucnspe@gmail.com,,
bounce_me_el,UYx0EMvrQTUd,nastrigodelievelvlpjsu@gmail.com,,
milkmouthhole,wwMyeZDck4Dc,TemikaDeitsch646@outlook.com,,
coochieeclipse,1jE5BPuAtj28,godnickpetraff30k@gmail.com,,
3ntrancesavvy,58qcRTcFz0jR,leslieohmie2080322@gmail.com,,
juicyrxsebaby,yGz1RwHZGFM3,tarahkimbril9054001@gmail.com,,
0nlykreamed,9kxIe74UG4Wk,leavensniatfrcc@gmail.com,,
heartslutmary,gwAJ2ecYHoMG,sheilanozomi8354@outlook.com,,
popmypretty,I4QbXZvBLhvu,amyerichardsondiklgy14@outlook.com,,
4holekawaii,F8d9Qxr89RCj,anthonyemendozaohwzbpmk5637@outlook.com,,
pinkcloudgrind,0KEVfddi1PXt,renimarielui4732@outlook.com,,
p3achslurp_xx,Hs8oP3IIV8ho,ambercfrederickdrf867234@outlook.com,,
juicyplotline,tI1sSYmVZFm1,avilezkhoshaba46185@outlook.com,,
meltinyahole,Z6VdROGPOKbv,buschner67135@outlook.com,,
tailinupbaby,xGsGItA45dg6,szanyialacon3175@outlook.com,,
poofypleasure,gmYY2yr8COfW,denisebmatthewsmnfjwrq48921@outlook.com,,
ask4thepeach,WvCJwVSPruFA,donnaubeckermaix91482@outlook.com,,
saltlickprincess,5qEvGAS711Rk,davidekporcha91805@outlook.com,,
xxholeheroine,z1lpYwyvoK6J,lileeondracek29495@outlook.com,,
down4dollop,a80kPqLTKmcP,gereshavenhill82219@outlook.com,,
jigglypetalxo,xsJPpoULJScI,rooskure37793@outlook.com,,
saltysweetsofia,4AEKgX9ddaux,petrillose87587@outlook.com,,
xdesireedescent,CuCfw1DP8cgt,sreekumar4471@outlook.com,,
clingycreamr,C5LM3x1aRNhN,abarestoffel12039@outlook.com,,
wet_churchgirl,V6WDpnGDBPgZ,rasanruscitto11513@outlook.com,,
justplugnancy,psv1lvVKJjzb,annagretheja3737@outlook.com,,
hornedhalo_x,FCPVuMxBuVJL,bryanmendoza12816@outlook.com,,
fondlemyjam,JAxN1V49F3jm,christopher_elliott68208@outlook.com,,
messy_lattekiss,l8T13we0Ffuq,mariangelsma4590@outlook.com,,
pet_potatoe69,RIRHbJ1If5bM,helenaatelie1162@outlook.com,,
born2cumtrue,MBrY2TidRPoq,alexiafatoum6520@outlook.com,,
kissxxkonnie,XvTumhIReeiU,senaitmiddle9014@outlook.com,,
suckthissunday,Cl3mQYlN2tB5,caglarikkec3412@outlook.com,,
sweetnfilthykay,VjVyDdOhZkBp,minorijirink0736@outlook.com,,
softsuckerbella,6iMkIC5Ab7tu,pegypokornye4033@outlook.com,,
fuqqqueenmary,qZnJIvlgfw1l,iulianayukih0722@outlook.com,,
ughjustcream,ACk8KGw0q6TY,allisonnbeardsblj6@outlook.com,,
cherrydrip92,35PwUIOurnrV,terryobatespuaknshg93@outlook.com,,
LushHoleQueen,4fi7Dt0VM8WX,marinelakish1924@outlook.com,,
missmoanerie,IuTkIR0p9G1o,barryosingletongpykflo48971@outlook.com,,
thebonerroom,IjrbtWK2Q7vY,marumimette4054@outlook.com,,
jadedjuicexx,qYqGynGvYhW5,nynneundinet7869@outlook.com,,
babyfawnplz,PlbYI2ASqDTE,william_lopez14901@outlook.com,,
noelface_,ubyKAWNpzSgW,giudittasilv0766@outlook.com,,
cherrybombed69,Lkhpr4YlYknP,berfinmanzno8368@outlook.com,,
tramplecutie_,pWPTNCLY2o1u,ivanka9900jaz@outlook.com,,
cravinmyyummy,9MZ4452wEhly,haleyrmarshixgtzd1659@outlook.com,,
angelgulp22,hCuts6108ost,bedriyebellm8609@outlook.com,,
